Institute code,College Name,Fees,GOVERNMENT/PRIVATE,Location,Computer_ CET_cuttoff ,Computer_JEE_cuttoff ,GENERAL_cuttoff,OBC_cuttoffs,SC/ST_cuttoff,EWS_cuttoffs,Quota(management)(yes/no),Intakes(seats),Placement   (on_campus)(yes/no),college_hostels_available,Academic rating (out of 5),Faculty rating(out of 5),Infrastructure rating (out of 5),accomodation rating (out of 5),Placement rating (out of 5),Overall rating (out of 10)
2250,Aurangabad College of Engineering,60500,Un-Aided,"Gut No 52, Tuljapur Shivar,Harsul-Sawangi, Naygoan road,Aurangabad (M.S), India",80.04,61.1804012,78.87,69.3,56.74,80.04,Yes,60,Yes,Yes,,4,2.25,,4.5,
6605,COLLEGE OF ENGINEERING VAIRAG,60000,Un-Aided/ Non-Autonomus,"Dhengale-Patil Nagar, Sasure-Vairag, Gat No.67, Barshi - Solapur Rd, Vairag, Maharashtra 413402",69,65,69,65,67,76,yes,,,Yes,,,,,,
6609,JAIHIND COLLEGE OF ENGINEERING,75000,Un-Aided/ Autonomus,"SH 52, Narayangaon - Junnar Rd, Narayangaon, Pimpalgaon Tarfe Narayangaon, Maharashtra 410502",75.17,67.125118,78.8754662,76.6367377,48.0589023,78.5775598,Yes,120,Yes,Yes,,4,3,,1.25,
5322,JAMIA INSTITUTE OF ENGINEERING AND MANAGEMENT STUDIES,64600,Un-Aided Religious Minority-Muslim,"Jamia Campus, Molgi Road, Akkalkuva, Maharashtra 425415",78,69.55,76.67,74.2,44.56,78.34,Yes,,,yes,,,,,,
2245,"LEELAVATI AWHAD INSTITUTE OF TECHNOLOGY, MANAGEMENT STUDIES & RESEARCH",90000,Un-Aided/ Autonomus,"47XH+945, Kanhor, Maharashtra 421503",87,69.55,,,,65,Yes,,Yes,Yes,,,,,,
2252,Marathawada Shikshan Prasarak Mandal's Shri Shivaji Institute of Engineering and Management Studies,25000,Un-Aided,"Shri Shivaji Institute Of Engg. & Management Studies, Vasmat Road, Parbhani-431401",65.5,45.1138412,65.4207881,58.7429854,47.387098,69.2172491,Yes,60,Yes,Yes,,4.5,4.5,,4.5,
6444,SHRIRAM INSTITUTE OF ENGINEERING AND TECHNOLOGY CENTRE,35310,Un-Aided,"RXRC+R67, Paniv, Maharashtra 413118",89,18.3219912,82.34,76.5,43,75,Yes,120,Yes,Yes,,3.5,3.5,,2.5,
6625,Universal College of Engineering & Research,85000,Un-Aided,"S.No. 430, Sasewadi,( Near Katraj New Tunnel) Tal.Bhor,Dist. Pune 412 205.",82.25,73.8220541,82.251586,78.067557,76.839044,82.869523,Yes,120,Yes,Yes,,4.15,4.25,,4.5,
5408,Vidya Niketan Institute Of Engineering And Technology,64000,Un-Aided,"Pune-Nashik highway, At/post - Bota, Tal-Sangamner, Dist.- A. Nagar, 422602 Sangamner, Bota, Maharashtra 422602",59.9,33.7340887,59.8623853,50.6107355,,55.4490884,Yes,30,Yes,Yes,,4,3.5,,3,
2254,Vilasrao Deshmukh Foundation Group of Institutions,53000,Un-Aided/ Autonomus,"Plot No.165A, Additional MIDC,Near to Manjara Sugar, Barshi Road,Latur,Maharashtra 413531",71.3,67.423024,71.8303504,68.9337823,58.5474069,74.1356658,Yes,60,Yes,Yes,,3.5,3.5,,3.5,
5380,Adsuls Group Of Institutions,90000,Un-Aided,"tal-Chas ,dist-A.nagar",65.89,63.78,65.89,60.45,50.67,65.32,Yes,60,Yes,Yes,,3.75,3.5,,3.25,
2255,"Balaghat Eengineering College,Ruddha",70000,Private,"Nanded Highway, Rudha, Ahmedpur, Taluka - Ahmedpur,Dist-Latur;",78.9,76.86,78.9,74.56,62.67,76.56,Yes,60,Yes,Yes,,3,3.5,,2.5,
6276,Cummins College of Engineering For Women,160000,Un-Aided,"Karvenagar, Pune",98.74,96.25,98.73,98.16,85.13,94.45,Yes,180,Yes,Yes,,4.5,4,,4.5,
6628,Dattakala Group Of Institutions,100000,Un-Aided,"Swami-Chincholi, Daund,Pune ,Maharashtra",89.9,85.78,89.89,83.76,65.76,80.98,Yes,60,Yes,Yes,,3.5,3.5,,3.5,
11214,Dhananjay Mahadik Group of Institutions,100000,Un-Aided,"A/P: Vikaswadi, Tal: Kagal,Dist: Kolhapur, Maharashtra 416217,",87.67,83.45,87.67,86.78,55.12,85.65,Yes,60,Yes,Yes,,3.5,3.5,,3.5,
6632,Navsahyadri Education Society's Group of Institutions,312000,Un-Aided,"Pimpri-Chinchwad, Hinjewadi, Pune, Maharashtra",82.36,80.98,82.36,80.68,51.45,79.12,Yes,60,Yes,Yes,,3.5,3.5,,3.5,
1341,PURANDAR COLLEGE OF ENGINEERING & MANAGEMENT RESEARCH,90000,Un-Aided,"Kondhwa-Saswad Road, Pune, Maharashtra.",80.98,79.32,80.98,76.67,72.34,78.67,Yes,60,Yes,Yes,,3.5,3.25,,2.75,
6635,Samarth Group of Institutions,80000,Un-Aided,"Kalyan-Ahmad Nagar Highway, Belhe, Tal-Junnar, Pune, Maharashtra.",85.45,83.23,85.54,80.3,56.45,81.67,Yes,120,Yes,Yes,,3.5,3.5,,3.5,
1180,SANMATI ENGINEERING COLLEGE,675000,Un-Aided,Chennai,78,,,,,,Yes,,,Yes,,,,,,
1000,Shree Ramchande College of Engineering,276000,Private,"Shree Ramchandra College Of Engineering Pune.
Gate No 351/333-1 ,Pune -Nagar Road ,Bakori Phata Wagholi Pune-412216.",78.71,72.2,78.71,61.1,55.5,75.02,Yes,60,Yes,Yes,,2,1.5,,2.25,
1001,VISHWESHWARAYYA COLLEGE OF ENGINEERING,151000,Public/Government," 6HFQ+H98, Patel Guda, Mangalpalle, Telangana 501510",88.81,,80.01,74.01,65.05,68.02,Yes,60,Yes,Yes,,2,4,,4.35,
1002,"Government College of Engineering, Amravati",340640,Government,"Gcoea, Amravati, Maharashtra 444604",97.81,95.06,94.02,90.2,84.02,95.7,Yes,60,Yes,Yes,,4,4,,3.5,
1005,"Sant Gadge Baba Amravati University,Amravati",200000,Autonomous,"Camp Area, Near Tapovan Gate, SRPF Colony, Amravati, Maharashtra 444602",94.8,97,95.77,92.02,80,95.77,Yes,60,Yes,Yes,,4,4,,4.25,
1012,"Government College of Engineering,Yavatmal",156000,Government,"Naringe Nagar, Pimpalgaon, Yavatmal, Maharashtra 445001",89.25,80,82.25,85.04,80.45,86.05,Yes,60,Yes,Yes,,3.5,2.5,,1.75,
1101,"Shri Sant Gajanan Maharaj College of Engineering,Shegaon",270000,Un-Aided,"SSGMCE, SBI Colony, Shegaon, Maharashtra 444203",72,70.34,69.78,56.76,43.22,50.5,Yes,60,Yes,Yes,,3.5,2.5,,2.75,
1105,"Prof. Ram Meghe Institute of Technology & Research, Amravati",435000,Private,"Prof. Ram Meghe Square, Anjangaon Bari Rd, Badnera, Amravati, Maharashtra 444701",74.14,75,75,55.5,45,45.55,yes,60,yes,yes,,4,3.5,,3.05,
1107,"P. R. Pote (Patil) Education & Welfare Trust's Group of Institution(Integrated Campus), Amravati",376528,Autonomous,"Shri Gajanan Township ,Pote Estate, Kathora Road, Amravati",88.09,86.97,88,74.76,78,74.55,yes,60,yes,yes,,4,4,,5,
1114,"Sipna Shikshan Prasarak Mandal College of Engineering & Technology, Amravati",169000,Autonomous,"NH 6, Opposite Nemani Godown, Nimbora, Badnera Rd, Amravati, Maharashtra 444701",82.87,82,80,70,69,65.65,yes,60,yes,yes,,3.5,3.5,,3.5,
1116,"Shri Shivaji Education Society's College of Engineering and Technology, Akola",182000,Private,"Shri Shivaji Education Society's College of Engineering and Technology, Akola",71.4,70.4,70.5,65.5,68,70,yes,60,yes,yes,,3.5,3.5,,4,
1117,"Janata Shikshan Prasarak Mandals Babasaheb Naik College Of Engineering, Pusad",70000,Private ,"Pusad,Maharashtra",95.45,93.46,82.86,78.42,62.79,67.15,Yes,120,Yes,Yes,,3,3.5,,,
1119,"Paramhansa Ramkrishna Maunibaba Shikshan Santha's , Anuradha Engineering College, Chikhali",78955,Private ,"Chikli,Maharashtra",91.29,82.38,91.29,78.33,68.81,73.03,Yes,120,Yes,Yes,,4,4,,4.5,
1120,"Jawaharlal Darda Institute of Engineering and Technology, Yavatmal",330000,Private ,"Yavatmal,Maharashtra",86.36,88,86.36,75.87,65.22,81.26,Yes,120,Yes,Yes,,4,3.5,,,
1121,"Shri Hanuman Vyayam Prasarak Mandals College of Engineering & Technology, Amravati",85000,Private ,"Amaravti,Maharashtra",69.78,70,69.78,56.76,43.22,53.48,Yes,120,Yes,Yes,,2.5,2.5,,3.5,
1123,"Dr.Rajendra Gode Institute of Technology & Research, Amravati",85000,Private ,"Amaravti,Maharashtra",71.4,65,71.4,62.44,34.47,63.86,Yes,120,Yes,Yes,,2.5,2,,,
1125,"Dwarka Bahu Uddeshiya Gramin Vikas Foundation, Rajarshi Shahu College of Engineering, Buldhana",44500,Private ,"Buldhana,Maharashtra",67.71,60,67.71,61.69,26.01,50.66,Yes,120,Yes,Yes,,3,3,,,
1126,"Shri. Dadasaheb Gawai Charitable Trust's Dr. Smt. Kamaltai Gawai Institute of Engineering & Technology, Darapur, Amravati",298000,Private ,"Amaravti,Maharashtra",64.23,50,64.23,61.26,41.35,59.88,Yes,120,Yes,Yes,,4,3.5,,,
1127,"Jagadambha Bahuuddeshiya Gramin Vikas Sanstha's Jagdambha College of Engineering and Technology, Yavatmal",105000,Private ,"Yavatmal,Maharashtra",70,46,70,62.32,43.22,61.54,Yes,120,Yes,Yes,,2.5,3,,,
1128,"Prof Ram Meghe College of Engineering and Management, Badnera",98500,Private ,"Mumbai,Maharashtra",88.6,,81,78.4,56.66,73.36,Yes,120,Yes,Yes,,3,2.5,,,
1130,"Vision Buldhana Educational & Welfare Society's Pankaj Laddhad Institute of Technology & Management Studies, Yelgaon",216000,Private ,"Yelgoan,maharshtra",61.43,46,61.43,49.28,18.43,55.61,Yes,60,Yes,Yes,,1,2.5,,,
1180,"Sanmati Engineering College, Sawargaon Barde, Washim",190000,Un-Aided,"NH161, Washim-Malgaon Road, Sawargaon Barde, Washim 444505",53.65,31.85,53.65,49.61,20.14,27.14,Yes,60,Yes,Yes,,2.5,2,,,
1182,"Padmashri Dr. V.B. Kolte College of Engineering, Malkapur, Buldhana",232000,Un-Aided,"Muktainagar Road, Buldana, Malkapur, Maharashtra 443101",61.68,46.87,61.68,59.68,45.84,56.73,Yes,60,Yes,Yes,,4.1,4.2,,,
1265,"Mauli Group of Institutions, College of Engineering and Technology, Shegaon.",252000,Private ,"Khamgaon Road, Shegaon 444203 MH, India",79.79,68.98,79.79,68.4,49.61,78.87,Yes,60,Yes,Yes,,4.4,4.1,,,
1268,"Siddhivinayak Technical Campus, School of Engineering & Research Technology, Shirasgon, Nile",235000,Private ,"Khamgaon Rd, Shegaon, Jaipur Londe, Maharashtra 444203",81.23,51.27,81.23,49.61,32.88,58.71,Yes,60,Yes,Yes,,2,2.3,,,
1276,"Manav School of Engineering & Technology, Gut No. 1035 Nagpur Surat Highway, NH No. 6 Tal.Vyala, Balapur, Akola, 444302",209000,Private,"MVG8+RQR, GJ SH 6, Vyalla, Maharashtra 444302",59.68,56.39,59.68,58.08,53.16,56.65,Yes,60,Yes,Yes,,3.6,4,,,
2008,"Government College of Engineering, Aurangabad",81000,"Government, Autonomous","Bhanudas Sabhahgrah Railway Station Rd, Rachanakar Colony, New Usmanpura, Chhatrapati Sambhajinagar (Aurangabad), Maharashtra 431005",97.72,,97.72,97.38,95.1,97.78,Yes,60,Yes,Yes,,3.9,3.7,,,
2020,"Shri Guru Gobind Singhji Institute of Engineering and Technology, Nanded",83000,Private,"476V+V68, Guru Tegh Bahadurji Marg, SGGS, Vishnupuri, Nanded, Maharashtra 431606",96.14,,96.14,95.69,91.48,,Yes,120,Yes,Yes,,3.9,4.4,,,
2021,"University Department of Chemical Technology, Aurangabad",325000,University Department,"Dr Babasaheb Ambedkar Marathwada University Campus, Chhatrapati Sambhajinagar (Aurangabad), Maharashtra 431004",87.22,,87.22,78.57,61.63,69.3,Yes,120,Yes,Yes,,4,3.9,,,
2032,"Institute of Chemical Technology, Mumbai Marathwada off campus, Jalna",80000,"University Managed, Autonomous","BBT-5/6, Biotechnology Park, Additional MIDC Area, Aurangabad Road,Jalna â€“ 431 203",NaN,,,,,,,,Yes,Yes,,4,4,,,
2111,"Everest Education Society, Group of Institutions (Integrated Campus), Ohar",180000,"Un-Aided, Religious Minority - Muslim","Gut No. 187 & 189Ohar, Jatwada Rd, Chhatrapati Sambhajinagar (Aurangabad), Maharashtra 431119",70.51,68.23,70.5,,,,,90,Yes,Yes,,4.3,3.7,,,
2112,"Shree Yash Pratishthan, Shreeyash College of Engineering and Technology, Aurangabad",80000,Un-Aided,"Gut No.258(P), Satara Parisar,Beed Bypass Road near SRPF Camp Tal, &, Dist, Chhatrapati Sambhajinagar (Aurangabad), Maharashtra 431010",72.6119403,56.9154149,"72.6119403)
","69.5976990)
",68.3823818,73.2701208,Yes,180,Yes,Yes,,2.05,2.05,,,
2113,"G. S. Mandal's Maharashtra Institute of Technology, Aurangabad",1010,"Un-Aided, Autonomous","Beed Bypass Road, Satara Village Road, Aurangabad, Maharashtra 431028",82.40695,83.1704016,82.4069575),79.1079584,74.5106403,84.2234647,Yes,120,Yes,Yes,,1.95,1.9,,,
2114,"Deogiri Institute of Engineering and Management Studies, Aurangabad",120000,Un-Aided,"Deogiri Campus, Railway Station Road, Chhatrapati Sambhajinagar (Aurangabad), Maharashtra 431005",85.9227307,73.185406,85.9227307,85.1907088,81.5104589,87.7770341,Yes,180,Yes,Yes,,2,1.95,,,
2116,"Matoshri Pratishan's Group of Institutions (Integrated Campus), Kupsarwadi , Nanded",1960,Un-Aided,"Jijau Nagar, Latur Nanded Highway, Post, Vishnupuri, Khupsarwadi, Nanded, Maharashtra 431606",58.7429854,48.8231338,58.7429854,55.4490884,58.0840122,61.6881259,Yes,60,Yes,Yes,,1.7,1.7,,,
2127,"Mahatma Gandhi Missions College of Engineering, Hingoli Rd, Nanded.",1100,Un-Aided,"Nanded Bypass Rd, Hingoli Naka, Ambekar Nagar, Nanded-Waghala, Maharashtra 431601",80.2375547,74.0257825,80.2375547,76.839044,61.6881259,86.0109616,Yes,120,Yes,Yes,,2.05,2,,,
2129,"M.S. Bidve Engineering College, Latur",1250,Un-Aided,"Barshi Rd, Pakharsangvi, Latur, Maharashtra 413531",76.7693871,69.1346848,76.7693871,75.1338688,74.1935484,82.869523,Yes,60,Yes,Yes,,2.05,1.95,,,
2130,"Terna Public Charitable Trust's College of Engineering, Osmanabad",2900,Un-Aided,"College of Engineering Campus, Solapur Road, Dharashiv (Osmanabad), Maharashtra 413501",65.107535,61.1148493,65.107535,49.6143282,52.7523799,77.7994669,Yes,60,Yes,Yes,,2.05,1.7,,,
2131,"Shree Tuljabhavani College of Engineering, Tuljapur",110000,Un-Aided,"X3XF+PWV, Tuljapur-Naldurg Road, Vivekanand Nagar, Osmanabad, Tuljapur, Maharashtra 413601",54.6979992,82.0912919,54.6979992,24.1305891,52.5567137,58.7124464,Yes,120,Yes,Yes,,2.15,2.25,,,
2133,"Mahatma Basaweshwar Education Society's College of Engineering, Ambejogai",294000,Un-Aided,"Morewadi, District Beed, Ambajogai, Maharashtra 431517
",60.750409,57.8721797,60.750409,49.0455617,55.2985075,65.3263316,Yes,120,Yes,Yes,,2,2,,,
2134,"Peoples Education Society's College of Engineering, Aurangabad",85000,Un-Aided,"Beside, Panchakki Rd, Nagsenvan, Chhatrapati Sambhajinagar (Aurangabad), Maharashtra 431002",75.35,70.357.8328571,75.3496,73.252683,70.656,79.7413145,yes,60,Yes,Yes,,2.75,3.25,3.5,3.1,
2135,"Hi-Tech Institute of Technology, Aurangabad",180000,Un-Aided,"Hi-Tech Institute Of Technology
P-119, Bajajnagar, Waluj, MIDC, Bajaj Nagar, Chhatrapati Sambhajinagar (Aurangabad), Maharashtra 431133",85,77.6899837,85.1488129,80.6210251,78.5775598,86.3437564,Yes,180,Yes,Yes,,1.95,1.9,2,2.3,
2136,"Aditya Engineering College , Beed",196000,Un-Aided,"Beed telgao naka, Bid Rural, Maharashtra 431122",80.845414,74.32441,80.254789,76.15794,70.32854,79.2489,Yes,120,Yes,Yes,,3.25,3.5,3,3.1,
2137,"Nagnathappa Halge Engineering College, Parli, Beed",250000,Un-Aided,"Brahmawadi,Post -Tokwadi, Parli V. Parli-Beed State Highway, PARLI-VAIJNATH, Dist. BEED, Kanherwadi, Parli Vaijnath, Bramhawadi, Maharashtra 431515",85,72.67,74.8,65.04,44.48,69.7,Yes,120,Yes,Yes,,4.5,3.5,3.5,4.5,
2138,"Matsyodari Shikshan Sansatha's College of Engineering and Technology, Jalna",80000,Un-Aided,"Matsyodari Shikshan Sanstha's,
COLLEGE OF ENGINEERING AND TECHNOLOGY,
Nagewadi, Aurangabad Jalna Road, JALNA - 431203
Maharashtra (INDIA)",79.5681,80.1582,78.25897,77.14896,75.48794,79.48961,No,120,Yes,Yes,,2.75,3.4,3.4,3,
2146,"Adarsh Shikshan Prasarak Mandal's K. T. Patil College of Engineering and Technology, Osmanabad",230000,Un-Aided,"Adarsh Shikshan Prasarak Mandal's KT Patil College of Engineering and Technology, Administrative Building Shripatrao Bhosale High School, Tambri Vibhag, Osmanabad, Pincode-413501, Maharashtra, India",56.7812,60.83247,62.1784,61.72469,55.1247,63.1579,Yes,60,Yes,Yes,,2.25,3.5,2.44,3.1,
2250,"Aurangabad College of Engineering, Naygaon Savangi, Aurangabad",150000,Un-Aided,"Gut No 52, Tuljapur Shivar, Harsul, road, M.S, Naigaon, Sawangi, Maharashtra
Map of aurangabad college of engineering",70,75,68.5248,66.494417,62.1245,70.8546,No,120,Yes,Yes,,3,3.25,2.5,2.2,
2252,"Marathwada Shikshan Prasarak Mandal's Shri Shivaji Institute of Engineering and Management Studies, Parbhani",90740,Un-Aided,"Vasmat Road, NH 222, Shivaji Engineering College, Parbhani, Maharashtra 431401",56.7650589,70,61.75214,45.6704109,32.4992712,62.3799839,No,180,Yes,Yes,,2.75,3,2.3,2.25,
2254,"Vilasrao Deshmukh Foundation Group of Institutions, Latur",15800,Un-Aided,"MIDC, Educity, Additional, Barshi - Latur Hwy, Latur, Maharashtra 413531",59.4192464,60,67.4824177,66.2395008,42.020457,67.1125395,No,80,es,Yes,,2.5,2.5,1.9,1.95,
2282,"Aditya Education Trust's Mitthulalji Sarada Polytechnic, Nalwandi Road, Beed",45000,Un-Aided,"Beed telgao naka, Bid Rural, Maharashtra 431122",32.2621925,35.852441,34.27551,25.7906003,20.3613489,45.9884082,Yes,180,Yes,Yes,,2,1.75,2,2.3,
2508,GRAMIN TECHNICAL AND MANAGEMENT CAMPUS NANDED.,24000,Un-Aided,"Trimurti Nagar, Nanded-Waghala, Maharashtra 431603",57.6946774,60.85275,57.9292585,41.4815869,38.5667023,58.8111371,Yes,180,Yes,Yes,,2.05,2,2.4,2.15,
2516,International Centre Of Excellence In Engineering and Management (ICEEM),1860,Private ,"CIDCO Mahanagar, Opp MIDC-Waluj Water Treatment Plant, Pandharpur, Maharashtra 431136",54.12,41.1843805,52.25,45.91,27.33,,Yes,120,Yes,Yes,,2,2,,4,
2522,"STMEI's Sandipani Technical Campus-Faculty of Engineering, Latur.",88500,Private," CJHW+72Q, Kolpa, Nanded Rod, Latur, Maharashtra 413512",47.76,70.4347473,47.76,29.33,21.23,,Yes,60,Yes,Yes,,2.5,2.2,,3.5,
2533,"CSMSS Chh. Shahu College of Engineering, Aurangabad",90000,Private,"Paithan Rd, Kanchanwadi, Chhatrapati Sambhajinagar (Aurangabad), Maharashtra 431001",79.33,74.6945417,79.33,73.57,65.72,,Yes,180,Yes,Yes,,2.3,2.25,,4.6,
2641,Dr. V.K. Patil College of Engineering & Technology,1060,Private,"5MJQ+GW3, MIDC, Vilad Ghat, Ahmednagar, maharastra 414111",69.6,36.8705272,69.6,66.56,45.12,68.78,Yes,90,Yes,Yes,,1.9,1.95,,3.5,
3012,"Veermata Jijabai Technological Institute(VJTI), Matunga, Mumbai",3300,Autonomous,"Ha. Ra. maharani marga, matunga purva, mumbai, maharastra 400019",96.9302413,98,96.9302413,96.0136674,90.5879529,,Yes,60,Yes,No,,1.9,1.7,,4.1,
3014,"Sardar Patel College of Engineering, Andheri",1010,Government,"Bhavan's Campus, Old D N Nagar, Munshi Nagar, Andheri West, Mumbai, Maharashtra 400058",NaN,,,,,,,,,,,,,,0,
3033,"Dr. Babasaheb Ambedkar Technological University, Lonere",60000,Private," IIEC, Dr. Babasaheb Ambedkar Technological University, Lonere, Maharashtra 402103",28.1605922,88,28.1605922,8.5951196,,14.2356611,Yes,180,Yes,Yes,,2.05,2,,3.9,
3035,"Usha Mittal Institute of Technology SNDT Women's University, Mumbai",4680,Private,"3RPJ+H5Q, Juhu-Tara Road, Sir Vitthaldas Vidyavihar, Santacruz(W), Mumbai, Maharashtra 400049",89.4839384,74,89.4839384,84.6811929,76.2706983,86.5823024,Yes,60,Yes,Yes,,2,1.95,,3.6,
3036,"Institute of Chemical Technology, Matunga, Mumbai",150000,Government,"2VF4+GX4, Nathalal Parekh Marg, near Khalsa College, Matunga East, Mumbai, Maharashtra 400019",NaN,,,,,,,,,Yes,,,,,0,
3042,"Government College of Engineering, Ratnagiri",24701,Government,"Abhyudhya Nagar, Ratnagiri, Maharashtra 415612",NaN,,,,,,Yes,,Yes,Yes,,3.6,3.75,,0,
3135,"Manjara Charitable Trust's Rajiv Gandhi Institute of Technology, Mumbai",97175, Un-Aided,"Basement, 4RCF+GF5 MCT's, Rajiv Gandhi Institute of Technology, Juhu Versova Link Rd, behind HDFC Bank, Gharkul Society, Bharat Nagar, Versova, Andheri West, Mumbai, Maharashtra 400053",95.8405342,89.9782308,93.8586283,93.4050233,89.3951296,93.5395473,Yes,120,Yes,No,,1.65,1.65,,0,
3139,"Vidyalankar Institute of Technology,Wadala, Mumbai",5450,"Un-Aided, Autonomous","Vidyalankar Educational Campus, Vidyalankar College Rd, Wadala East, Sangam Nagar, Antop Hill, Mumbai, Maharashtra 400037",97.1424274,93.051632,97.1424274,96.6445326,94.6808113,96.5461326,Yes,180,Yes,Yes,,2.15,2.1,,0,
3146,"Jawahar Education Society's Annasaheb Chudaman Patil College of Engineering,Kharghar, Navi Mumbai",270000,Un-Aided," 23J6+6JC, Sector 4, Kharghar, Navi Mumbai, Maharashtra 410210",89.9583318,76.8200435,89.9583318,83.348395,76.8406961,85.9227307,Yes,60,Yes,No,,1.6,1.65,,3.4,
3147,"Saraswati Education Society, Yadavrao Tasgaonkar Institute of Engineering & Technology, Karjat",80500,Un-Aided,"Bhivpuri Road Railway Station, Nasrapur, Chandhai, Karjat, Maharashtra 410201",71.400082,59.5117092,71.4000828),70.2813361,70.5106049,80500,Yes,60,Yes,Yes,,1.2,1.35,,0,
3148,"Mahavir Education Trust's Shah & Anchor Kutchhi Engineering College, Mumbai",151000,"Un-Aided, Linguistic Minority - Gujarathi(Jain)","720Mahavir Education Trust Chowk, W.T Patil Marg, D P Rd, next to Duke's Company, Chembur, Mumbai, Maharashtra 400088",85,88.5333909,86.5566392),93.5868331,75.3496766,95.1514675)],Yes,180,Yes,Yes,,1.9,1.9,,0,
3154,"Saraswati Education Society's Saraswati College of Engineering,Kharghar Navi Mumbai",1150,Un-Aided,"600 Plot No. 46, near MSEB Sub Station, Sector-5, Kharghar, Navi Mumbai, Maharashtra 410210",85,77.6899837,85.1488129,80.6210251,78.5775598,86.3437564,Yes,60,Yes,No,,2.15,2,,0,
3175,"M.G.M.'s College of Engineering and Technology, Kamothe, Navi Mumbai",150000,Un-Aided,"Plot No. 1, 2, Sion - Panvel Expressway, Sector 18, Kamothe, Navi Mumbai, Maharashtra 410209",85,78.8042854,84.9532361,83.3890161,75.867353,83.3890161,Yes,120,Yes,Yes,,1.85,1.85,,0,
3176,"Thakur College of Engineering and Technology, Kandivali, Mumbai",170086,"Un-Aided, Autonomous, Linguistic Minority - Hindi","TCET, A-Block, Gate No 5, Thakur Educational Campus, Thakur Rd, Thakur Village, Kandivali East, Mumbai, Maharashtra 400101",85,94.0913251,97.5673034,,,,Yes,60,Yes,Yes,,2.2,2.2,,0,
3182,"Thadomal Shahani Engineering College, Bandra, Mumbai",205375,"Un-Aided, Linguistic Minority - Sindhi","W, P. G. Kher Marg, (32nd Road, Marg, Off Linking Rd, TPS III, Bandra West, Mumbai, Maharashtra 400050",85,97.6788269,98.2315536,,,,Yes,180,Yes,No,,1.65,1.65,,0,
3183,"Anjuman-I-Islam's M.H. Saboo Siddik College of Engineering, Byculla, Mumbai",143470,Private,Mumbai,85,87.9544465,82.251586,,,,Yes,60,Yes,Yes,,1.95,1.75,,0,
3184,"Fr. Conceicao Rodrigues College of Engineering, Bandra,Mumbai",167454,Private,Mumbai,98.274,96.0857,98.274,,,,No,300,Yes,Yes,,2.55,2,,0,
3185,"Vivekanand Education Society's Institute of Technology, Chembur, Mumbai",147443,Private,Mumbai,98.285,96.5024,98.285,,,,No,180,Yes,Yes,,1.9,2.5,,0,
3187,"N.Y.S.S.'s Datta Meghe College of Engineering, Airoli, Navi Mumbai",92826,Private,Mumbai,62.399,85.8765,62.399,7.929,6.295,49.221,No,180,No,No,,2.1,3,,0,
3188,"Vasantdada Patil Pratishthan's College Of Engineering and Visual Arts, Sion, Mumbai",122751,Private,Mumbai,91.262,82.578,91.262,88.915,86.556,88.617,No,120,Yes,No,,2.6,2,,0,
3189,"Bharati Vidyapeeth College of Engineering, Navi Mumbai",120300,Affiliated to Mumbai University and Approved by AICTE,Navi Mumbai,94.997,72.4997,94.997,94.224,92.733,93.396,Yes,60,Yes,Yes,,2.4,2.15,,0,
3190,"Terna Engineering College, Nerul, Navi Mumbai",480000,Private,Navi Mumbai,45.644,70.791,45.644,7.257,,29.346,No,180,Yes,Yes,,1.7,1.6,,0,
3192,"Smt. Indira Gandhi College of Engineering, Navi Mumbai",87160,Private,Navi Mumbai,89.993,52.5521,89.993,88.99,87.481,86.256,No,120,Yes,No,,2.05,1.8,,0,
3193,"Shivajirao S. Jondhale College of Engineering, Dombivali,Mumbai",105880,Private,"Dombivali,Mumbai",85.922,71.539,85.922,82.251,79.808,79.264,Yes,90,Yes,No,,2.45,2.5,,0,
3194,"Vidyavardhini's College of Engineering and Technology, Vasai",311397,Private,"Vasai, Mumbai",93.405,84.4944,93.405,90.242,85.251,87.699,Yes,180,Yes,No,,2.35,2.6,,0,
3196,"Lokmanya Tilak College of Engineering, Kopar Khairane, Navi Mumbai",141515,"Private, NACC ''A"" Grade","Koparkhairnare, Navi Mumbai,Mumbai",91.013,87.5543,91.013,,,,No,120,Yes,No,,2.5,2.45,,0,
3197,"Agnel Charities' FR. C. Rodrigues Institute of Technology, Vashi, Navi Mumbai",134366,"Un-Aided, Religious Minority - Christian",420,85,94.3402,97.38,,,,No,12o,Yes,Yes,,1.9,1.8,,0,
3198,"Konkan Gyanpeeth College of Engineering, Karjat",216000,Un-Aided,300,85,65.3927,80.63,78.15,,40,No,480,Yes,Yes,,1.7,3.3,,0,
3199,"Shri Vile Parle Kelvani Mandal's Dwarkadas J. Sanghvi College of Engineering, Vile Parle,Mumbai",107000,"Un-Aided, Autonomous, Linguistic Minority - Gujarathi",1020,85,63.0505,0.95,,,,Yes,180,Yes,Yes,,4.5,4.6,,0,
3200,"Hope Foundation and research center's Finolex Academy of Management and Technology, Ratnagiri",200000,Un-Aided,360,85,62.4066,88.7,,,,No,,Yes,Yes,,1.95,1.95,,0,
3201,"Rizvi Education Society's Rizvi College of Engineering, Bandra,Mumbai",123553,"Un-Aided, Religious Minority - Muslim",360,85,47.3554,92.34,45,,,No,120,Yes,Yes,,4,4,,0,
3202,Rajendra Mane College of Engineering & Technology Ambav Deorukh,90000,Un-Aided,180,85,39.7807,77.83,,,,No,120,Yes,Yes,,4,4.6,,0,
3203,"Atharva College of Engineering,Malad(West),Mumbai",100000,Un-Aided,480,85,87.9249,94.12,0.95,,,Yes,480,Yes,YES,,4.25,4.5,,0,
3204,"St. Francis Institute of Technology,Borivali, Mumbai",15800,"Un-Aided, Religious Minority - Christian",540,85,87.2541,0.9,,,,Yes,480,Yes,Yes,,4.5,4.4,,0,
3206,"S.S.P.M.'s College of Engineering, Kankavli",84000,Un-Aided,270,85,76.9241,82.78,,,,No,60,Yes,Yes,,4.15,4.45,,0,
3207,"Mahatma Education Society's Pillai College of Engineering, New Panvel",133000,"Un-Aided, Autonomous, Linguistic Minority - Malyalam",630,85,73.6013,0.84,,,,Yes,,Yes,Yes,,4,4.7,,0,
3208,"Don Bosco Institute of Technology, Mumbai",5120,Un-Aided Religious Minority - Roman Catholics,"Premier Automobiles Road, Opp. Fiat Company, Kurla, Mumbai, Maharashtra 400070",85,94.17,96.2027386,92.13,80,85.5,Yes,120,Yes,Yes,,4,4.5,,4.25,
3209,K J Somaiya Institute of Technology,195972,"Un-Aided, Autonomous, Linguistic Minority - Gujarathi",480,85,5000,97.9,90,70,80,Yes,140,Yes,Yes,,4,4,,4,
3210,"Excelsior Education Society's K.C. College of Engineering and Management Studies and Research, Kopri, Thane (E)",100000,"Un-Aided, Linguistic Minority - Punjabi",240,90,85,85,80,65,80,Yes,110,Yes,Yes,,4,4,,3.75,
3211,"S.I.E.S. Graduate School of Technology, Nerul, Navi Mumbai",3390,"Un-Aided, Linguistic Minority - Tamil",540,85,80,85,80,70,80,Yes,120,Yes,Yes,,4.5,4,,3.5,
3212,"WATUMULL INSTITUTE OF ELECTRONICS ENGINEERING & COMPUTER TECHNOLOGY, ULHASNAGAR",68000,"Un-Aided, Linguistic Minority - Sindhi",180,85,80,85,80,60,80,Yes,130,Yes,Yes,,4.5,4,,3.75,
3214,"Xavier Institute Of Engineering C/O Xavier Technical Institute,Mahim,Mumbai",444000,"Un-Aided, Religious Minority - Christian",240,85,80,85,80,65,75,Yes,120,Yes,Yes,,4,3.5,,3,
3215,"Bhartiya Vidya Bhavan's Sardar Patel Institute of Technology , Andheri, Mumbai",15800,"Un-Aided, Autonomous",480,95,90,95,85,70,85,Yes,140,Yes,Yes,,4.5,4,,4,
3216,"Gharda Foundation's Gharda Institute of Technology,Khed, Ratnagiri",110000,Un-Aided,300,85,80,75,75,60,75,Yes,80,Yes,Yes,,4,3,,3,
3217,"Vighnaharata Trust's Shivajirao S. Jondhale College of Engineering & Technology, Shahapur, Asangaon, Dist Thane",65000,Un-Aided,300,85,75,80,75,60,75,Yes,90,Yes,Yes,,4,3.5,,3.5,
3218,"Aldel Education Trust's St. John College of Engineering & Management, Vevoor, Palghar",122751,"Un-Aided, Religious Minority - Christian",420,80,75,80,75,55,75,Yes,100,Yes,Yes,,4,3.5,,3.75,
3219,"Koti Vidya Charitable Trust's Smt. Alamuri Ratnamala Institute of Engineering and Technology, Sapgaon, Tal. Shahapur",90000,"Un-Aided, Linguistic Minority - Hindi","Sapgaon, Tal. Shahapur",85,73.25,88,78,62,83,No,60,Yes,Yes,,3.5,3.5,,3.6,
3220,Yadavrao Tasgaonkar College of Engineering & Management,53000,Un-Aided,"Bhivpuri, Karjat",85,75,85,75,60,80,No,60,Yes,Yes,,3.5,3.5,,4,
3221,"Late Shri. Vishnu Waman Thakur Charitable Trust, Viva Institute of Technology, Shirgaon",45000,Un-Aided,"Shirgaon, Virar",85,71.5,90,80,65,85,No,60,Yes,Yes,,4,4,,3.75,
3222,"Haji Jamaluddin Thim Trust's Theem College of Engineering, At. Villege Betegaon, Boisar",2370,"Un-Aided, Religious Minority - Muslim","Betegaon, Boisar",85,68.75,85,75,60,80,No,60,Yes,Yes,,3.5,3.5,,3.5,
3223,"Mahatma Education Society's Pillai HOC College of Engineering & Technology, Tal. Khalapur. Dist. Raigad",85000,"Un-Aided, Linguistic Minority - Malyalam","Tal. Khalapur, Dist. Raigad",85,76,85,77,62,80,No,60,Yes,Yes,,4,4,,3.9,
3224,"Leela Education Society, G.V. Acharya Institute of Engineering and Technology, Shelu, Karjat",80870,Un-Aided,"Shelu, Karjat",85,70.5,80,72,58,75,No,60,Yes,Yes,,3.5,3.5,,3.4,
3277,"Shree Shankar Narayan Education Trust,Pravin Patil College of Diploma Engg. & Technology, Bhayinder (E) Western Rly",114000,Un-Aided,"Bhayinder (E), Western Railway, Mumbai",85,66.25,70,65,50,68,No,60,Yes,No,,3,3,,3,
3351,"Bharat College of Engineering, Kanhor, Badlapur(W)",65000,Un-Aided,"Kanhor, Badlapur (W)",85,64.75,82,75,60,78,No,60,Yes,Yes,,3.5,3.5,,3.25,
3353,"Dilkap Research Institute Of Engineering and Management Studies, At.Mamdapur, Post- Neral, Tal- Karjat, Mumbai",196000,Un-Aided,"Mamdapur, Post- Neral, Tal. Karjat, Mumbai",85,69,85,78,62,80,No,60,Yes,Yes,,3.5,3.5,,3.5,
3423,"Shree L.R. Tiwari College of Engineering, Mira Road, Mumbai",123553,"Un-Aided, Linguistic Minority - Hindi","Mira Road, Mumbai",85,72.5,88,80,65,85,No,60,Yes,Yes,,4,4,,3.75,
3436,"B.R. Harne College of Engineering & Technology, Karav, Tal-Ambernath.",84000,Private ,"Karav,Tal-Ambernath,Maharashtra",80,80,89,89,75,85,yes,60,Yes,yes,,3.5,3.5,,3.5,
"Un-Aided, Religious Minority - Muslim","Anjuman-I-Islam's Kalsekar Technical Campus, Panvel",115000,                        Private,"Anjuman-I-Islam's Kalsekar Technical Campus, Panvel",85,55,85,80,70,80,yes,60,yes,yes,,3.5,3.5,,2.5,
3440,"Metropolitan Institute of Technology & Management, Sukhalwad, Sindhudurg.",80000,                        Private," Sukhalwad, Sindhudurg, Maharashtra, India",75,50,75,70,60,70,yes,60,yes,yes,,3,3,,2,
3445,"Vishwatmak Jangli Maharaj Ashram Trust (Kokamthan), Atma Malik Institute Of Technology & Research",80000,Private,"Kokamthan, Ahmednagar, Maharashtra, India",80,50,75,70,60,75,yes,60,yes,yes,,3,3,,2,
3447,"G.M.Vedak Institute of Technology, Tala, Raigad.",90000,Private,"G.M.Vedak Institute of Technology, Tala, Raigad.",85,45,70,65,55,65,yes,60,yes,yes,,3,3,,1.5,
3460,"Universal College of Engineering,Kaman Dist. Palghar",125000,Private,"Kaman, Dist. Palghar, Maharashtra",65,65,65,60,55,65,Yes,60,Yes,No,,30,30,,2.75,
3462,"VPM's Maharshi Parshuram College of Engineering, Velneshwar, Ratnagiri.",100000,Private,"Velneshwar, Ratnagiri, Maharashtra",70,70,70,65,60,70,Yes,60,Yes,Yes,,35,35,,3.25,
3465,"Ideal Institute of Technology, Wada, Dist.Thane",113000,Private,"Wada, Thane, Maharashtra",60,60,60,55,50,60,Yes,60,Yes,Yes,,30,30,,2.5,
3467,"Vishwaniketan's Institute of Management Entrepreneurship and Engineering Technology(i MEET), Khalapur Dist Raigad",102000,Private,"Khalapur, Raigad, Maharashtra",70,70,70,65,55,70,Yes,60,Yes,Yes,,37.5,40,,3.5,
3470,YASHWANTRAO BHONSALE INSTITUTE OF TECHNOLOGY,114000,Private,"Sawantwadi, Sindhudurg, Maharashtra",65,65,65,60,50,65,Yes,60,Yes,Yes,,32.5,35,,3,
3471,"New Horizon Institute of Technology & Management, Thane",304000,Private ,"Thane, Maharashtra",85,76,87.38,78.87,30.58,78.87,Yes,120,Yes,Yes,,4.5,3.5,,2.5,
3475,"A. P. Shah Institute of Technology, Thane",133000,Private ,"Thane, Maharashtra",85,68,77.42,75.9,29,75.3,Yes,120,Yes,No,,4.5,4,,4,
3477,"Chhartrapati Shivaji Maharaj Institute of Technology, Shedung, Panvel",60000,Private ,"Panvel, Maharashtra
",85,72,82,73.64,36.03,62.73,Yes,120,Yes,Yes,,4,3,,5,
3503,"Indala College Of Engineering, Bapsai Tal.Kalyan",85000,Private ,,85,59,70.63,52.24,38.9,71.36,Yes,120,Yes,No,,4,3,,3,
4004,"Government College of Engineering, Chandrapur",25095,Government,"Chandrapur, Maharashtra
",85,,85.19,86.01,49.05,86.05,No,60,Yes,No,,4.5,4.5,,4.75,
4005,"Laxminarayan Institute of Technology, Nagpur",115000,Autonomous,"Nagpur, Maharashtra
",85,,87.93,89.72,65.42,84.51,Yes,120,Yes,Yes,,4,4,,4,
4025,"Government College of Engineering, Nagpur",27836,Government,"Nagpur, Maharashtra
",85,,95.69,95.27,88.07,93.09,No,60,Yes,No,,4,4.5,,4.5,
4104,"Kavi Kulguru Institute of Technology & Science, Ramtek",103000,Private ,"Nagpur, Maharashtra
",85,72.67,74.8,65.04,44.48,69.7,Yes,120,Yes,Yes,,4.5,3.5,,4.5,
4115,"Shri Ramdeobaba College of Engineering and Management, Nagpur",609000,Autonomous,"Nagpur, Maharashtra
",85,92.99,98.07,98.07,98.07,98.07,Yes,120,Yes,Yes,,3.5,4,,3.5,
4116,"Ankush Shikshan Sanstha's G.H.Raisoni College of Engineering, Nagpur",139000,Autonomous,"Nagpur, Maharashtra
",85,82.8,92.8,90.87,75.6,92.85,Yes,120,Yes,Yes,,4,4.5,,4,
4118,"Bapurao Deshmukh College of Engineering, Sevagram",107000,Un-Aided,"Sevagram,Wardha,Maharashtra ",80,76.56,83.6,66.71,51.77,74.12,yes,108,yes,yes,,4,3.5,,2.5,
4123,"Lokmanya Tilak Jankalyan Shikshan Sanstha, Priyadarshani College of Engineering, Nagpur",74000,"Un-Aided, Autonomous, Linguistic Minority - Hindi","Nagpur,Maharashtra",87,83.32,85.93,83.66,73.45,84.6,yes,60,yes,yes,,3.5,4,,4,
4133,"Sanmarg Shikshan Sanstha's Smt. Radhikatai Pandav College of Engineering, Nagpur",79000,Un-Aided,"Nagpur,NMaharashtra",85,82.67,91.34,69.2,67.4,79.56,yes,60,yes,yes,,4,3.5,,3,
4134,"Guru Nanak Institute of Engineering & Technology,Kalmeshwar, Nagpur",61500,Un-Aided,"Nagpur,Maharashtra",71.72,69.97,,,,,,,,yes,,4,,,,
4135,"Amar Seva Mandal's Shree Govindrao Vanjari College of Engineering & Technology, Nagpur",108000,Un-Aided,"Nagpur,Maharashtra",85,,,,,,,,,,,,,,,
4136,"Lokmanya Tilak Jankalyan Shikshan Sastha, Priyadarshini J. L. College Of Engineering, Nagpur",108000,"Un-Aided, Autonomous, Linguistic Minority - Hindi",360,85,81,82,76,,82,yes,120,yes,yes,,3.5,3,,3.75,
4137,"Sir Shantilal Badjate Charitable Trust's S. B. Jain Institute of technology, Management & Research, Nagpur",113500,"Un-Aided, Autonomous, Linguistic Minority - Hindi",420,85,68,76,68,44,84,yes,69,yes,yes,,35,30,,3.25,
4138,"Jaidev Education Society, J D College of Engineering and Management, Nagpur",150000,"Un-Aided, Autonomous, Linguistic Minority - Hindi",480,85,79,84,83,81,,yes,120,yes,yes',,35,37.5,,3.5,
4139,"Samridhi Sarwajanik Charitable Trust, Jhulelal Institute of Technology, Nagpur",110000,"Un-Aided, Autonomous, Linguistic Minority - Sindhi",420,85,68,60,,,,yes,150,yes,yes,,30,32.5,,3,
4141,"Shriram Gram Vikas Shikshan Sanstha, Vilasrao Deshmukh College of Engineering and Technology, Nagpur",46701,Un-Aided,240,85,,17,3,0.85,8,yes,120,yes,yes,,25,22.5,,1.5,
4142,"Ankush Shikshan Sanstha's G. H. Raisoni Institute of Engineering & Technology, Nagpur",100000,"Un-Aided, Autonomous, Linguistic Minority - Hindi",240,85,85,85,85,85,85,yes,60,85,yes,,4.25,4.25,,4.25,
4143,"Sanmarg Shikshan Sanstha, Mandukarrao Pandav College of Engineering, Bhandara",90000,Un-Aided,"Bhandara, Maharashtra",85,45,70,60,60,60,yes,120,60,yes,,3,3,,3,
4144,"Shri. Sai Shikshan Sanstha, Nagpur Institute of Technology, Nagpur",85000,Un-Aided,"Nagpur, Maharashtra",85,50,75,65,60,65,Yes,120,Yes,Yes,,3,3.25,,2.75,
4145,"Wainganga College of Engineering and Management, Dongargaon, Nagpur",110000,Un-Aided,"Dongargaon, Nagpur, Maharashtra",85,55,80,70,55,70,Yes,120,Yes,Yes,,3.25,3.5,,3.25,
4147,"K.D.K. College of Engineering, Nagpur",95000,Un-Aided,"Nagpur, Maharashtra",85,50,75,65,55,65,Yes,120,Yes,Yes,,3.5,3.5,,3.25,
4151,"Vidarbha Bahu-Uddeshiya Shikshan Sanstha's Tulshiramji Gaikwad Patil College of Engineering & Technology, Nagpur",120000,"Un-Aided, Autonomous","Nagpur, Maharashtra",85,45,75,65,55,65,Yes,120,Yes,Yes,,3.25,3.5,,2.75,
4163,Rajiv Gandhi College of Engineering Research & Technology Chandrapur,75000,Un-Aided,"Chandrapur, Maharashtra",85,45,70,55,45,55,Yes,120,Yes,Yes,,3,3.25,,2.75,
4167,"Yeshwantrao Chavan College of Engineering,Wanadongri, Nagpur",90000,"Un-Aided, Autonomous","Wanadongri, Nagpur, Maharashtra",85,50,75,70,60,75,Yes,120,Yes,Yes,,3.25,3.5,,3.5,
4172,"Anjuman College of Engineering & Technology, Nagpur",100000,"Un-Aided, Religious Minority - Muslim","Nagpur, Maharashtra",85,45,75,65,55,65,Yes,120,Yes,Yes,,3,3.25,,3,
4174,"ST. Vincent Pallotti College of Engineering & Technology, Nagpur",80000,"Un-Aided, Autonomous, Religious Minority - Christian","Nagpur, Maharashtra",85,50,65,60,50,55,Yes,120,Yes,Yes,,3.25,3.5,,3,
4175,"JMSS Shri Shankarprasad Agnihotri College of Engineering, Wardha",75000,Un-Aided,"Ramnagar, Bapuji Wadi, Wardha - 442001, Maharashtra, India",80,65,65,65,55,60,yes,120,Yes,Yes,,3.75,3.25,,2.75,
4177,"Priyadarshini Bhagwati College of Engineering, Harpur Nagar, Umred Road,Nagpur",80000,"Un-Aided, Linguistic Minority - Hindi","Harpur Nagar, Umred Road, Nagpur, Maharashtra - 440024",70,75,70,75,55,65,yes,120,Yes,Yes,,4,3.5,,4.1,
4181,"Swaminarayan Siddhanta Institute Of Technology, Nagpur",100000,Un-Aided," Nagpur Katol Highway Road, Khapri (Kothe), Tal.Kalmeshwar, Nagpur, Maharashtra",60,40,45,45,40,55,yes,60,Yes,Yes,,3.25,3.75,,3,
4188,"Krushi Jivan Vikas Pratishthan, Ballarpur Institute of Technology, Mouza Bamni",85000,Un-Aided,"Bamni, Rajura Road,Tal. Ballarpur,
Chandrapur,Maharashtra,india.",90,78,75,65,55,50,yes,120,Yes,Yes,,3.5,3.25,,3.25,
4190,"M.D. Yergude Memorial Shikshan Prasarak Mandal's Shri Sai College of Engineering & Technology, Bhadrawati",8500,Un-Aided,"Nagpur Road, Near Village Lonara,
Tah. Bhadrawati,",97,82,72,60,50,60,yes,120,Yes,Yes,,4,3.75,,3.25,
4192,"Maitraya Education Society, Nagarjuna Institute of Engineering Technology & Management, Nagpur",73500,Un-Aided,"Behind Railway Station,Wardha Road,
Nagpur - 441108,Maharashtra, India.
",91,80,71,55,45,65,yes,120,Yes,Yes,,4.25,3.75,,3.5,
4193,"K.D.M. Education Society, Vidharbha Institute of Technology,Umred Road ,Nagpur",75000,"Un-Aided, Linguistic Minority - Hindi","Mauza-Bhivapur, Umred Road, Nagpur, Maharashtra",88,85,72,50,60,55,yes,120,Yes,Yes,,3.75,3.25,,3,
4196,"Gurunanak Educational Society's Gurunanak Institute of Technology, Nagpur",100000,Un-Aided,"Khasara No. 81/1, Mauza- Kalmeshwar,
Post- Koradi, Nagpur - 441111,
Maharashtra, India.",85,88,71,60,45,50,yes,120,Yes,Yes,,3.25,3,,2.75,
4197,"Jai Mahakali Shikshan Sanstha, Agnihotri College of Engineering, Sindhi(Meghe)",80000,Un-Aided,"Sindhi (Meghe), Wardha,
Maharashtra, India.",90,78,79,72,60,45,yes,120,Yes,Yes,,4,3.75,,3,
4285,"V M Institute of Engineering and Technology, Dongargaon, Nagpur",55000,Un-Aided,"Dhuti Village, Near Dongargaon, Wardha Road (NH-7) Nagpur",83,77,76,68,55,45,yes,120,Yes,Yes,,3.25,2.5,,2.25,
4302,"Gondia Education Society's Manoharbhai Patel Institute Of Engineering & Technology, Shahapur, Bhandara",56000,Un-Aided,Shahapur Bhandara,51,86,66,70,44,69,yes,54,yes,Yes,,3,3,,3.5,
4304,"Cummins College of Engineering For Women, Sukhali (Gupchup), Tal. Hingna Hingna Nagpur",114000,Un-Aided,"Mouje Sukli (Gupchup), Hingna, Nagpur ",88,77,89,88,32,45,yes,66,yes,yes,,4,5,,4,
4613,"Suryodaya College of Engineering & Technology, Nagpur",84000,Un-Aided,"Survey No. 117/1 & 117/3 A, Near Dighori Naka, Vihirgaon, Umrer Road, Nagpur, Maharashtra 440027",71,45,65,86,33,55,yes,71,yes,yes,,4.5,2,,2.5,
4648,"R.V. Parankar College of Engineering & Technology, Arvi, Dist Wardha",112097,Un-Aided,"Mauza Sarangpuri, Arvi -Wardha",91,74,90,71,65,60,yes,55,Yes,yes,,2.5,4,,4.5,
4649,"Bajaj Institute of Technology, Wardha",85000,"Un-Aided, Linguistic Minority - Hindi","Pipri Meghe, Arvi Road, Pipri Meghe, Wardha",84,56,92,50,65,60,yes,55,Yes,yes,,2.5,3.5,,3,
4679,"Karanjekar College of Engineering & Management, Sakoli",75000,Un-Aided,"Nagzira Road, Sakoli, District Bhandara.",85,85,85,85,85,85,yes,85,Yes,yes,,2,2.5,,4.25,
5003,"University Institute of Chemical Technology, North Maharashtra University, Jalgaon",40000,University Department,"Kavayitri Bahinabai Chaudhari North Maharashtra University, ",54,43,54,63,42,76,yes,76,yes,yes,,3.5,1.5,,3.35,
5004,"Government College of Engineering, Jalgaon",60000,"Government, Autonomous","Jalgaon, Maharashtra",80,60,70,66,56,67,yes,71,yes,yes,,2,3,,3.85,
5103,"Shri Shivaji Vidya Prasarak Sanstha's Late Bapusaheb Shivaji Rao Deore College of Engineering,Dhule",50000,Un-Aided,"Vidyanagri, Deopur, Dhule, Maharashtra",92,88,67,84,76,64,yes,61,yes,yes,,2.5,2,,4.2,
5109,"Sandip Foundation, Sandip Institute of Technology and Research Centre, Mahiravani, Nashik",419212,"Un-Aided, Autonomous","Nashik,Maharashtra",NaN,,81.97343,80.37445,69.38717,77.03113,yes,180,yes,yes,,4.45,4.85,,,
5121,"K. K. Wagh Institute of Engineering Education and Research, Nashik",515000,"Un-Aided, Autonomous","Nashik,Maharashtra",NaN,,93.8419335,93.1639296,84.2234647,92.9348086,yes,120,yes,yes,,4.6,4.05,,4.33,
5124,"Jagadamba Education Soc. Nashik's S.N.D. College of Engineering & Reserch, Babulgaon",321360,Un-Aided,"Babulgaon,Maharashtra",NaN,,67.447284,66.2117981,63.7147595,74.51064,yes,60,yes,yes,,4.5,4.45,,,
5125,"Pravara Rural Education Society's Sir Visvesvaraya Institute of Technology, Chincholi Dist. Nashik",297000,Un-Aided,"Nashik,Maharashtra",NaN,,72.8974176,69.1685966,68.3772406,69.3871747,yes,120,yes,yes,,4.5,4.45,,1,
5104,"Shramsadhana Bombay Trust, College of Engineering & Technology, Jalgaon",240000,Un-Aided,"Jalgaon,Maharashtra",NaN,,75.6049358,74.1753429,54.1664697,63.050238,yes,180,yes,yes,,4.45,4.6,,0,
5106,"Khandesh College Education Society's College Of Engineering And Management, Jalgaon",220000,Un-Aided,"Jalgoan ,Maharashtra",NaN,,59.4192464,57.7165019,37.5478565,39.4196471,yes,120,yes,yes,,,4,,0,
5108,"Maratha Vidya Prasarak Samaj's Karmaveer Adv. Baburao Ganpatrao Thakare College Of Engineering, Nashik",410000,Un-Aided,"Nashik,Maharashtra",NaN,,91.2564151,90.524615,87.0240046,88.6475955,yes,180,yes,yes,,4.4,4.55,,3.3,
5139,"Pravara Rural College of Engineering, Loni, Pravaranagar, Ahmednagar.",400000,Un-Aided,"Ahmednagar,Maharashtra",NaN,,85.0225065,84.1495823,80.2788844,85.0880607,yes,120,yes,yes,,4.4,4.45,,0,
5151,"MET Bhujbal Knowledge City MET League's Engineering College, Adgaon, Nashik.",352000,Un-Aided,"Nashik,Maharashtra",NaN,,87.3244115,86.5576404,70.9263207,83.4797216,yes,120,yes,yes,,4.55,4.8,,3,
5152,"G H Raisoni Institute of Engineering and Business Management, Jalgaon",283000,"Un-Aided, Autonomous, Linguistic Minority - Hindi","Jalgoan,Maharashtra",75.08,,72.15,69.28,61.89,120,Yes,,yes,yes,,3.5,3.5,,3.5,
5160,"Sanjivani Rural Education Society's Sanjivani College of Engineering, Kopargaon",151805,"Un-Aided, Autonomous","Kopargoan,Maharashtra",95.55,55,89.14,85.45,71.15,85.45,Yes,120,yes,yes,,3.5,3.75,,4,
5161,"Dr. Vithalrao Vikhe Patil College of Engineering, Ahmednagar",106000,Un-Aided,"Vilad ghat,Post M.I.D.C.,Ahmednagar",88.63,50.11,88.63,86.97,80.85,85.45,yes,60,yes,yes,,3.5,3.5,,3.5,
5162,"Amrutvahini Sheti & Shikshan Vikas Sanstha's Amrutvahini College of Engineering, Sangamner",81775,Un-Aided,"Sangamner,Ghulewadi,Maharashtra",94.44,65.54,94,91.56,78.88,94.44,yes,120,yes,yes,,3.75,4,,4,
5164,"P.S.G.V.P. Mandal's D.N. Patel College of Engineering, Shahada, Dist. Nandurbar",75000,"Un-Aided, Linguistic Minority - Gujar","Shahada,Maharashtra",60.56,40,60,50,40,45,yes,60,yes,yes,,1.9,1.9,,2,
5168,"T.M.E. Society's J.T.Mahajan College of Engineering, Faizpur",74630,Un-Aided,"Jivram Nagar,Nhavi Marg,Post Faizpur,Yawal,Jalgoan",80.65,50,75.56,72,65,71,yes,120,yes,yes,,3.5,3.75,,3,
5169,"Nagaon Education Society's Gangamai College of Engineering, Nagaon, Tal Dist Dhule",60000,Un-Aided,"Nagaon,Dhule",85.55,60,85,80,75,75,yes,60,yes,yes,,3.75,3.5,,3,
5170,"Hindi Seva Mandal's Shri Sant Gadgebaba College of Engineering & Technology, Bhusawal",70000,"Un-Aided, Linguistic Minority - Hindi","Bhusawal,jalgaon,Maharashtra",80.54,60.28,80.25,70.59,60.54,75.58,yes,60,yes,yes,,3.25,3.25,,3,
5171,"Godavari Foundation's Godavari College Of Engineering, Jalgaon",85000,Un-Aided,"Jalgaon,Maharashtra",80,70,75,70,60,75,yes,120,yes,yes,,3.25,3.25,,3.5,
5172,"R. C. Patel Institute of Technology, Shirpur",100000,"Un-Aided, Autonomous, Linguistic Minority - Gujarathi","Shirpur,Dhule",90,75,80,80,70,80,yes,60,yes,yes,,3.5,3.5,,4,
5173,"SNJB's Late Sau. Kantabai Bhavarlalji Jain College of Engineering, (Jain Gurukul), Neminagar,Chandwad,(Nashik)",85000,"Un-Aided, Religious Minority - Jain","Neminagar,Chandwad,Nashik",80,60,75,70,60.52,70.56,yes,60,yes,yes,,3.25,3.25,,3,
5177,"Matoshri College of Engineering and Research Centre, Eklahare, Nashik",60000,Autonoums," Eklahare, Nashik",80,60,70,65,60.7,65.9,yes,120,yes,yes,,3.75,3.25,,3.5,
5179,"Vishwabharati Academy's College of Engineering, Ahmednagar",50000,Un-aided,"A/P Sarola Baddi, Jamkhed Road,Ahmednagar",60.72,50,58.62,59,23.7,58,yes,60,yes,yes,,3.25,2.75,,2.5,
5181,"Gokhale Education Society's, R.H. Sapat College of Engineering, Management Studies and Research, Nashik",65000,Un-Aided,"Nashik,Maharashtra",69.04,59.68,68.7,65.3,40.3,65.42,yes,120,yes,yes,,3.75,3.75,,3.75,
5182,"Kalyani Charitable Trust, Late Gambhirrao Natuba Sapkal College of Engineering, Anjaneri, Trimbakeshwar Road, Nashik",210000,Un-Aided,"Trimbakeshwar Road, Nashik",68.5,62.8,64.23,65,40,68.62,yes,60,yes,yes,,3.25,3.25,,2,
5184,"Amruta Vaishnavi Education & Welfare Trust's Shatabdi Institute of Engineering & Research, Agaskhind Tal. Sinnar",2380,Un-Aided,Agaskhind Tal. Sinnar,59.93,50.3,55.64,54.2,42.5,56.2,yes,60,yes,yes,,3.25,2.75,,2.5,
5244,"MET's Institute of Technology Polytechnic, Bhujbal Knowledge City, Adgaon Nashik",3520,Un-Aided,Adgaon Nashik,81.24,72.6,68.2,68.9,45.23,56.23,yes,120,yes,yes,,,3.75,,3.75,
5303,"Hon. Shri. Babanrao Pachpute Vichardhara Trust, Group of Institutions (Integrated Campus)-Parikrama, Kashti Shrigondha,",70000,Un-Aided,"Kashti Shrigondha,",60,50,68,65,62,70,yes,60,yes,yes,,3.25,3,,0.325,
5322,"Jamia Institute Of Engineering And Management Studies, Akkalkuwa",65000,Un-Aided,"Akkalkuwa,Nandurbar",60,52,75,74,62,75,yes,60,yes,no,,3.25,3.25,,2.5,
5330,"PUNE VIDYARTHI GRIHAS COLLEGE OF ENGINEERING AND SHRIKRUSHNA S. DHAMANKAR INSTITUTE OF MANAGEMENT, NASHIK",70000,Un-Aided,"PVG Campus, 206-Dindori road,, Nashik",94.62,17509,89.6,87,75.62,88,yes,120,yes,yes,,4.5,4.5,,4.5,
5331,"Sandip Foundation's, Sandip Institute of Engineering & Management, Nashik",80000,Un-Aided,"Trimbak Road,Nashik",80.8,75.6,70,78.6,55,79,yes,120,yes,yes,,4,4.25,,4,
5365,"Vardhaman Education & Welfare Society, Ahinsa Institute of Technology, Post. Dondaicha, Dhule",100000,"Un-Aided, Religious Minority - Jain","Post Dondaicha, Dhule, Maharashtra",70,60,70,65,50,55,Yes,60,Yes,Yes,,3,3.25,,2.5,
5380,"Adsul's Technical Campus, Chas Dist. Ahmednagar",110000,Un-Aided,"Chas, Dist. Ahmednagar, Maharashtra",70,50,60,60,45,55,Yes,120,Yes,Yes,,3,3.25,,2.75,
5381,"Shri. Jaykumar Rawal Institute of Technology, Dondaicha.",80000,Un-Aided,"Dondaicha, Maharashtra",75,50,75,65,55,75,Yes,60,Yes,,,,,,,
5382,"Ahmednagar Jilha Maratha Vidya Prasarak Samajache, Shri. Chhatrapati Shivaji Maharaj College of Engineering, Nepti",70000,Un-Aided,"Nepti, Ahmednagar, Maharashtra",80,50,75,65,55,75,Yes,120,Yes,Yes,,3,3.25,,3.25,
5390,"K.V.N. Naik S. P. Sansth's Loknete Gopinathji Munde Institute of Engineering Education & Research, Nashik.",85000,Un-Aided,"Nashik, Maharashtra",85,55,75,65,50,65,Yes,120,Yes,Yes,,3.25,3.5,,3.5,
5396,"College of Engineering and Technology ,North Maharashtra Knowledge City, Jalgaon",120000,Un-Aided,"North Maharashtra Knowledge City, Jalgaon, Maharashtra",75,60,85,75,65,75,Yes,120,Yes,Yes,,3.5,3.75,,3.5,
5399,"Sanghavi College of Engineering, Varvandi, Nashik.",95000,Un-Aided,"Varvandi, Nashik, Maharashtra",70,50,75,65,55,75,Yes,60,Yes,Yes,,3,3.25,,3,
5401,"Jawahar Education Society's Institute of Technology, Management & Research, Nashik.",110000,Un-Aided,"Waghalwadi, Bhote Wadi, Nashik, Maharashtra",80,55,75,65,50,65,Yes,120,Yes,Yes,,3.25,3.5,,3.25,
5408,"Vidya Niketan College of Engineering, Bota Sangamner",80000,Un-Aided,"Bota, Sangamner, Ahmednagar District, Maharashtra",65,45,75,70,55,55,Yes,60,Yes,Yes,,2.75,3,,2.5,
5409,"Rajiv Gandhi College of Engineering, At Post Karjule Hariya Tal.Parner, Dist.Ahmednagar",85000,Un-Aided,"Karjule Hariya, Tal. Parner, Dist. Ahmednagar, Maharashtra",70,45,70,65,50,60,Yes,60,Yes,Yes,,3,3.5,,2.5,
5411,"Maulana Mukhtar Ahmad Nadvi Technical Campus, Malegaon.",2140,"Un-Aided, Religious Minority - Muslim",300,43.5071268,67.740403,43.5071268,,,,yes,120,,yes,,1.9,1.9,,1.5,
5418,"Guru Gobind Singh College of Engineering & Research Centre, Nashik.",82000,Un-Aided,420,86.3770498,50.7795069,86.3770498,82.2034564,69.597699,76.2843676,yes,60,yes,yes,,2.15,2,,4,
5449,"Shri Vile Parle Kelavani Mandal's Institute of Technology, Dhule",123553,"Un-Aided, Linguistic Minority - Gujarathi",360,70.6180504,80.149806,70.6180504,,,,yes,45,yes,yes,,2,2.4,,4.95,
5497,"P.G. College of Engineering & Technology, Nandurbar",85000,Un-Aided,240,42.553024,2.9154061,42.5530244),18.7935787,4.8612936,25.3087578,yes,60,yes,Yes,,2.05,2.1,,4,
6004,"Government College of Engineering & Research, Avasari Khurd",24863,Government,360,96.3249371,,96.3249371,96.2787373,93.6308983,96.0680883,yes,60,yes,Yes,,2.05,2.4,,2,
6005,"Government College of Engineering, Karad",2340,"Government, Autonomous",300,,,,,,,yes,120,yes,Yes,,1.95,1.9,,1.5,
6006,COEP Technological University,84250,"University, Autonomous",773,99.9174143,99.3677373,99.9174143,99.8645445,99.2116821,,yes,150,yes,Yes,,2,2.1,,3.9,
6007,"Walchand College of Engineering, Sangli",85520,"Government-Aided, Autonomous",390,99.4594392,,99.4594392,99.3477663,97.5089387,,yes,60,yes,Yes,,2,2,,3.75,
6028,"Department of Technology, Shivaji University, Kolhapur",2370,University Department,,85.4752553,,85.4752553,83.348395,75.1687111,84.4681938,yes,60,yes,Yes,,1.8,1.95,,4.5,
6036,"Government College of Engineering, Kolhapur",25046,Government,300,93.3857089,,93.3857089,92.2256284,90.5447224,92.7209302,yes,60,yes,Yes,,2,2,,3.5,
6122,"TSSMS's Pd. Vasantdada Patil Institute of Technology, Bavdhan, Pune",103800,praivate,480,87.95,56.77,87.95,85.44,82.788,85.99,yes,120,yes,yes,,1.7,2,,3,
6138,"Genba Sopanrao Moze Trust Parvatibai Genba Moze College of Engineering,Wagholi, Pune",56000,praivate,420,78.95,51,78.89,76.88,74,76.88,yes,120,yes,yes,,1.7,1.7,,,
6139,"Progressive Education Society's Modern College of Engineering, Pune",90000,praivate,960,92.47,62.58,92.47,90.344,86.34,90.343,yes,120,yes,yes,,2.1,1.7,,5,
6141,"Jaywant Shikshan Prasarak Mandal's,Rajarshi Shahu College of Engineering, Tathawade, Pune",2380,"Un-Aided, Autonomous",840,93.4454,51.58,93.4454,93.4454,90,90.343,yes,120,yes,yes,,1.7,1.7,,4.6,
6144,"Genba Sopanrao Moze College of Engineering, Baner-Balewadi, Pune",110000,Un-Aided,480,95.342,57.8,95.342,95.342,93,90.343,yes,120,yes,yes,,1.7,2,,4.75,
6145,"JSPM'S Jaywantrao Sawant College of Engineering,Pune",138066,Un-Aided,600,92.47,54,92.47,92.47,93,90.343,yes,120,yes,yes,,1.7,,,5,
6146,"MIT Academy of Engineering,Alandi, Pune",410000,"Un-Aided, Autonomous",780,95.4545,62,95.4545,95.4545,90,90.343,yes,120,yes,yes,,1.7,2,,5,
6149,"Siddhant College of Engineering, A/p Sudumbare, Tal.Maval, Dist-Pune",2380,"Un-Aided, Linguistic Minority - Hindi",360,87.55,67,87.55,87.55,92,90.343,yes,120,yes,yes,,1.7,,,5,
6155,"G.H.Raisoni College of Engineering & Management, Wagholi, Pune",169000,"Un-Aided, Autonomous, Linguistic Minority - Hindi",1050,92.47,64,92.47,92.47,91,90.343,yes,120,yes,yes,,1.7,,,5,
6156,"Marathwada Mitra Mandal's College of Engineering, Karvenagar, Pune",151805,Un-Aided,540,92,82,92,92,85.344,90.77,yes,180,yes,yes,,2.25,2.25,,5,
6175,"Pimpri Chinchwad Education Trust, Pimpri Chinchwad College of Engineering, Pune",143000,"Un-Aided, Autonomous","Pimpri, Pune",98.89263,96.0127965,98.89263,98.7673228,96.7141785,98.2750869,yes,240,yes,yes,,1.75,3.5,,4,
6177,"Sinhgad College of Engineering, Vadgaon (BK), Pune",138066,Un-Aided,"Vadgaon (BK), Pune",94.39918,90.9967846,94.39918,93.3857089,86.1668982,95.1514675,yes,180,yes,yes,,1.95,3.75,,3.25,
6178,"Sinhgad Technical Education Society's Smt. Kashibai Navale College of Engineering,Vadgaon,Pune",104566,Un-Aided,"Vadgaon,Pune",91.75,87.113922,91.75,90.69,77.41,92.77,yes,300,yes,yes,,3.75,4,,4.7985,
6179,"Indira College of Engineering & Management, Pune",103458,Un-Aided,"Gat No 276, Tal. Maval, S.NO 64,65, Indira College Road, Parandvadi 410506",88.2852988,80.5662144,88.2852,86.8382436,69.7774101,88.2671548,yes,150,yes,,,3.9,3.8,,3.425,
6182,"Sinhgad Technical Education Society, Sinhgad Institute of Technology and Science, Narhe (Ambegaon)",40000,Un-Aided,450,,,,,,,,,,,,,,,,
6183,"Al-Ameen Educational and Medical Foundation, College of Engineering, Koregaon, Bhima",119000,Un-Aided,Pimple Jagtap Road Sharad Campus Koregaon Bhima Ta: Shirur Dist: Pune Pincode: 412216,63.54,71.1410813,63.54,61.135,60.7344231,66.96,yes,54,yes,yes,,1.75,1.75,,2,
6184,"K. J.'s Educational Institut Trinity College of Engineering and Research, Pisoli, Haveli",322000,Private,"Near Khadimachine Chowk, Kondhwa Annexe, Pune 411 048",82.46,77.0282322,82.251586,80.8641005,55.2709127,82.3346823,yes,120,yes,yes,,4.4,4.4,,4,
6185,Sinhgad Institute of Technology,444000,Private,"49/1, Westerly Bypass Rd, opp. Bank of Maharashtra, Narhe, Pune, Maharashtra 411041",84.52,83.070845,86.0109616,83.4,65.0367935,85.1537884,yes,120,yes,yes,,3.9,4.1,,3.6,
6187,"Sinhgad Academy of Engineering, Kondhwa (BK) Kondhwa-Saswad Road, Pune",355000,Un-Aided,"Sinhgad academy of engineering, Sinhgad Kondwa, Danny Mehata Nagar, Kondhwa, Pune, Maharashtra 411048",87.82,81.466863,87.82,86.78,66.8171727,88.4658665,yes,180,yes,yes,,3.9,3.7,,3.6,
6203,"Marathwada Mitra Mandal's Institute of Technology, Lohgaon, Pune",487000,Un-Aided,"S. No. 35, Plot, 5/6, Wadgaon Shinde Road, Lohegaon, Pune, Maharashtra 411047",88.02,81.2392704,87.6993762,87.16,69.597699,87.6984872,yes,120,yes,,,37,4,,3.9,
6206,"Pune District Education Association's College of Engineering, Pune",3190,Government,"Pune, Maharashtra",81.12,81.49,81.12,79.47,62.74,82.47,yes,60,yes,yes,,4,4,,4,
6207,"Dr. D. Y. Patil Unitech Society's Dr. D. Y. Patil Institute of Technology, Pimpri, Pune",360000,Private,"Pimpri, Pune",97.79,96.8,94.74,94.59,88.68,95.66,yes,180,yes,yes,,4.5,4.5,,4.75,
,"K. E. Society's Rajarambapu Institute of Technology, Walwa, Sangli",1520,Private,"Sangli, Maharashtra
",94.82,,94.88,91.7,83.64,94.83,yes,120,yes,yes,,3.5,3.5,,3.75,
6217,"Shri. Balasaheb Mane Shikshan Prasarak Mandal's, Ashokrao Mane Group of Institutions",2420,Private,"Kolhapur, Maharashtra",39.79,,22.04,2.98,,61.69,yes,180,yes,yes,,4,4,,3,
6219,"KSGBS's Bharat- Ratna Indira Gandhi College of Engineering, Kegaon, Solapur",2230,Private,"Solapur,Maharashtra",17.6,,28.48,6.3,2.13,5.12,yes,60,yes,yes,,2,3,,2,
6220,"Shri Vithal Education and Research Institute's College of Engineering, Pandharpur",3390,Private,"Pandharour,Maharastra",87.51,,73.42,76.84,80.63,89.36,yes,120,yes,No,,3,3,,3.75,
6222,"Dattajirao Kadam Technical Education Society's Textile & Engineering Institute, Ichalkaranji.",3410,Private,"Ichalkaranji,Maharastra",85.56,,86.45,84.76,51.64,92.16,yes,120,yes,yes,,4,4,,3.35,
6223,"Pradnya Niketan Education Society's Nagesh Karajagi Orchid College of Engineering & Technology, Solapur",2540,Private,"Solapur,Maharashtra",83.64,,,73.26,76.05,82.1,yes,60,yes,yes,,3.5,4,,4.1,
6250,"D.Y. Patil College of Engineering and Technology, Kolhapur",2270,Private,"Kolhapur, Maharashtra",88.29,,88.29,83.38,78.58,92.86,yes,180,yes,yes,,4.5,4,,4.3,
6265,"Walchand Institute of Technology, Solapur",2820,Private,"Solapur,Maharashtra",97.13,,87.88,,,,,180,yes,yes,,3.5,4,,4.15,
6267,"Kolhapur Institute of Technology's College of Engineering(Autonomous), Kolhapur",110000,"Un-Aided, Autonomous","Kolhapur, Gokul Shirgaon, Maharashtra 416234",94.88,88,94.88,93.43,86.69,94.25,Yes,120,yes,Yes,,3.5,3.5,,3.55,
6268,"Tatyasaheb Kore Institute of Engineering and Technology, Warananagar",120000,"Un-Aided, Autonomous","Tatyasaheb Kore Institute of Engineering and Technology (TKIET),Â Warananagar, Tal. Panhala,Â Dist. Kolhapur - 416 113,Â Maharashtra, India",83.63,71.14,83.63,78.87,64.45,86.37,No,120,yes,Yes,3.7,4.2,4.2,4.3,4,
6269,"Shetkari Shikshan Mandal's Pad. Vasantraodada Patil Institute of Technology, Budhgaon, Sangli",85000,Un-Aided,"Shetkari Shikshan Mandal's Pad. Vasantraodada Patil Institute of Technology, Budhgaon, Tal. Miraj, Dist. Sangli - 416 410, Maharashtra, India",79.81,64.16,79.81,71.05,61.43,81.11,Yes,60,yes,Yes,3.5,3.8,3.6,3.6,3.2,
6270,"Rayat Shikshan Sanstha's Karmaveer Bhaurao Patil College of Engineering, Satara",110000,Un-Aided,"Rayat Shikshan Sanstha's Karmaveer Bhaurao Patil College of Engineering, Kasbe Sukene, Tal. Karad, Dist. Satara - 415 110, Maharashtra, India",81.48,61.26,81.48,69.03,64.26,85.47,Yes,60,yes,Yes,3.1,3.3,3.6,3.6,3.4,
6271,"Pune Institute of Computer Technology, Dhankavdi, Pune",140000,Un-Aided,"Pune Institute of Computer Technology (PICT), 10, M.I.D.C., Bhosari, Pune - 411 026, Maharashtra, India",99.67,98.71,99.67,99.55,97.75,99.55,Yes,240,yes,Yes,4.2,4,,,,
6272,"Dr. D. Y. Patil Pratishthan's D.Y.Patil College of Engineering Akurdi, Pune",140000,Un-Aided,"D.Y. Patil College of Engineering, D.Y. Patil Knowledge City, Akurdi, Pune - 411 044, Maharashtra, India",97.33,95.15,97.33,97.01,92.11,97.25,Yes,180,yes,Yes,3.7,4,7.5,,,
6273,"Bansilal Ramnath Agarawal Charitable Trust's Vishwakarma Institute of Technology, Bibwewadi, Pune",130000,"Un-Aided, Autonomous","Vishwakarma Institute of Technology (VIT), 666, Upper Indira Nagar, Bibwewadi, Pune - 411 037, Maharashtra, India",99.23,96.66,99.23,99.12,97.12,,Yes,180,yes,Yes,4.1,4,,,,
6274,"Pune Vidyarthi Griha's College of Engineering and Technology and G K Pate(Wani) Institute of Management, Pune",120000,Un-Aided,"Pune Vidyarthi Griha's College of Engineering and Technology (PVG COET), 22, Erandwane, Pune - 411 038, Maharashtra, India",97.78,94.51,97.78,97.55,67.71,83.63,Yes,120,yes,Yes,3.7,3.7,4.3,3.9,4,
6275,"Shivnagar Vidya Prasarak Mandal's College of Engineering, Malegaon-Baramati",90000,Un-Aided,"Malegaon-Baramati Road, Malegaon, Tal. Baramati, Dist. Pune - 413 115, Maharashtra, India",84.5,74.68,84.5,81.23,75.86,86.25,Yes,60,yes,Yes,2.9,3.6,3.5,3.5,4.1,
6276,"MKSSS's Cummins College of Engineering for Women, Karvenagar,Pune",175436,"Un-Aided, Autonomous","Karvenagar,Pune",98.66,98.19,94.62,97.6,98.7,98.02,Yes,180,yes,Yes,,4.2,4.1,,,
6277,"Dr. J. J. Magdum Charitable Trust's Dr. J.J. Magdum College of Engineering, Jaysingpur",89000,Un-Aided,Jaysingpur,77.99,65.3,77.9,60.75,58.55,79.78,Yes,120,Yes,Yes,3,5,4,1,5,
6278,"All India Shri Shivaji Memorial Society's College of Engineering, Pune",80870,Un-Aided,"Shivajinagar, Pune",97.21,95.61,97.21,95.31,89.99,96.31,Yes,120,yes,Yes,,3.85,3.65,,4,
6281,"Modern Education Society's Wadia College of Engineering, Pune",119000,Un-Aided,Pune,94.03,91.52,94.03,93.93,84.44,94.03,Yes,240,Yes,Yes,,4.2,4.1,,3,
6282,"All India Shri Shivaji Memorial Society's Institute of Information Technology,Pune",128851,"Un-Aided, Autonomous","Shivajinagar, Pune",97.56,95.63,97.56,95.74,90.77,97.71,Yes,120,yes,Yes,,4.1,4.2,,4,
6283,"Annasaheb Dange College of Engineering and Technology, Ashta, Sangli",107500,"Un-Aided, Autonomous","Ashta, Sangli",86.84,82.31,86.84,84.39,75.31,89.52,Yes,180,yes,Yes,,3.6,3.5,,4,
6284,"Vidya Pratishthan's Kamalnayan Bajaj Institute of Engineering & Technology, Baramati Dist.Pune",96000,"Un-Aided, Autonomous",Baramati Dist.Pune,92.8,89.3,92.48,90.13,86.91,92.48,Yes,120,Yes,yes,,4.05,4.1,,3.5,
6285,"Bharati Vidyapeeth's College of Engineering for Women, Katraj, Dhankawadi, Pune",95175,Un-Aided,"Katraj, Dhankawadi, Pune",91.69,88.6,91.69,93.68,89.18,93.68,Yes,120,Yes,yes,,4,3.8,,3.6,
6288,"Bharati Vidyapeeth's College of Engineering, Kolhapur",1010,Un-Aided,", Kolhapur",80.86,77.2,84.95,76.84,61.43,80.86,Yes,120,Yes,yes,,4,4,,3.5,
6289,"B.R.A.C.T's Vishwakarma Institute of Information Technology, Kondhwa (Bk.), Pune",184610,"Un-Aided, Autonomous","Kondhwa (Bk.), Pune",98.05,97.6,98.34,98.15,95.03,97.78,Yes,240,Yes,Yes,,4.25,3.75,,4.75,
6293,"Kai Amdar Bramhadevdada Mane Shikshan & Samajik Prathistan's Bramhadevdada Mane Institute of Technology, Solapur",85000,Un-Aided,Solapur,65.03,60.3,65.3,28.6,36.02,61.63,Yes,120,Yes,Yes,,3.85,4,,3.25,
6298,"Zeal Education Society's Zeal College of Engineering & Reserch, Narhe, Pune",102000,Un-Aided,"Narhe,Pune",87.6,70,87,85,75,87,Yes,180,Yes,Yes,,3.5,3.5,,3.25,
6303,"Dr. Ashok Gujar Technical Institute's Dr. Daulatrao Aher College of Engineering, Karad",103000,Un-Aided,Karad,60,52,63.6,56,48,63,Yes,120,Yes,Yes,,2.5,2.25,,3.5,
6304,"Loknete Hanumantrao Charitable Trust's Adarsh Institute of Technology and Research Centre, Vita,Sangli",53740,Un-Aided,Sangli,66,51,66,52,49,65,Yes,60,Yes,Yes,,2.75,2.5,,2.75,
6305,"Late Narayandas Bhawandas Chhabada Institute of Engineering & Technology, Satara",90000,Un-Aided,Satara,30,21,30,28,24,29,Yes,60,Yes,Yes,,3,3.5,,2,
Institute code,"Abhinav Education Society's College of Engineering and Technology (Degree), Wadwadi",85001,Un-Aided,Satara,60,68,60,58,55,59,Yes,60,Yes,Yes,,2.75,3,,2.25,
,"Shahajirao Patil Vikas Pratishthan, S.B.Patil College of Engineering, Vangali, Tal. Indapur",80000,Un-Aided,Pune,77,70,77,72,68,73,Yes,60,Yes,Yes,,3,3.5,,2.75,
,"K.J.'s Educational Institute's K.J.College of Engineering & Management Research, Pisoli",85000,Un-Aided,Pune,83,77,83,79,68,81,Yes,180,Yes,Yes,,3.75,4,,3.75,
,"Vidya Vikas Pratishthan Institute of Engineering and Technology, Solapur",95001,Un-Aided,Solapur,50,48,50,47,41,48,Yes,60,Yes,Yes,,2.5,3,,2.5,
6322,"Shree Gajanan Maharaj Shikshan Prasarak Manda'l Sharadchandra Pawar College of Engineering, Dumbarwadi",81000,Un-Aided,Pune,75,72,75,70,60,73,Yes,120,Yes,Yes,,3.5,3.5,,3.5,
6324,"Rajgad Dnyanpeeth's Technical Campus,Dhangwadi, Bhor",66655,Un-Aided,Pune,0.7517,0.7715,50,54,43,57,Yes,60,Yes,Yes,,3.5,3,,2.75,
6325,"Alard Charitable Trust's Alard College of Engineering and Management, Pune",66000,"Un-Aided, Autonomous",Pune,77.85,45,77.85,77.54,65.36,77.85,Yes,60,Yes,Yes,,3.5,3.5,,5,
6318,Karmayogi Institute of Technology,66000,Un-Aided,Pune,69.91,50.73,69.91,64,55,62,Yes,60,Yes,Yes,,3.5,3.5,,3,
6319,"Nutan College of Engineering and Research, Talegaon Dabhade Tal. Maval, Pune",85000,Un-Aided,Pune,92,85,92,89,75,90,Yes,180,Yes,Yes,,3.5,4,,3.75,
6320,"Shriram Institute Of Engineering & Technology, (Poly), Paniv",70000,Un-Aided,Paniv,60,75,60,55,45,58,Yes,240,Yes,Yes,,3.5,3,,3,
6321,"Shree Santkrupa Shikshan Sanstha, Shree Santkrupa Institute Of Engineering & Technology, Karad",81000,Un-Aided,Karad,70,55,70,65,50,68,Yes,60,Yes,Yes,,3,3.5,,2.5,
6322,"Swami Vivekananda Shikshan Sanstha, Dr. Bapuji Salunkhe Institute Of Engineering & Technology,Kolhapur",100000,Un-Aided,Kolhapur,65,60,65,60,55,60,Yes,60,Yes,Yes,,3.5,3,,3.25,
6324,"Samarth Education Trust's Arvind Gavali College Of Engineering Panwalewadi, Varye,Satara.",65000,Un-Aided,Satara,86,62,85,82,75,80,Yes,60,Yes,Yes,,3.5,3.5,,3,
6325,"Jaihind College Of Engineering,Kuran",62000,"Un-Aided, Linguistic Minority - Hindi",Kuran,78,68,78,73,65,75,Yes,120,Yes,Yes,,3,3.5,,3,
6326,ISBM College Of Engineering Pune,105000,Un-Aided,Pune,82,72,81,73,70,78,Yes,60,Yes,Yes,,4,3.5,,3.75,
6419,"Universal College of Engineering & Research, Sasewadi",172728,Un-Aided,Sasewadii,85,75,85,82,78,80,Yes,120,Yes,Yes,,3.25,3.5,,3,
6444,"Dattakala Group Of Institutions, Swami - Chincholi Tal. Daund Dist. Pune",90000,Un-Aided,Chincholi,0.75,0.6,0.75,0.7,0.6,0.8,Yes,120,Yes,Yes,,,,,,
6466,"KJEI's Trinity Academy of Engineering, Yewalewadi, Pune",70000,Un-Aided,180,0.85,0.7,0.85,0.8,0.7,0.83,Yes,120,Yes,Yes,3.5,3.2,3,,,
6468,"Samarth Group of Institutions, Bangarwadi, Post Belhe Tal. Junnar Dist. Pune",60000,Un-Aided,180,0.84,60,84,73,63,84,Yes,120,Yes,Yes,3.8,3.4,3,,,
6545,"N. B. Navale Sinhgad College of Engineering, Kegaon, solapur",444000,Un-Aided,360,85,75,85,80,70,80,Yes,120,Yes,Yes,4,4,3.8,,,
6609,"S K N Sinhgad College of Engineering, Korti Tal. Pandharpur Dist Solapur",82000,Un-Aided,300,75,80,75,70,60,73,Yes,120,Yes,Yes,4.5,4.6,4,,,
6622,"Shri. Ambabai Talim Sanstha's Sanjay Bhokare Group of Institutes, Miraj",70000,"Un-Aided, Linguistic Minority - Hindi",360,85,75,85,80,75,80,Yes,120,Yes,Yes,3,3.8,3.5,,,
6625,"TSSM's Bhivarabai Sawant College of Engineering and Research, Narhe, Pune",108000,Un-Aided,91,90,85,90,85,80,85,Yes,120,Yes,Yes,3.5,3.9,3.7,,,
6628,"Ajeenkya DY Patil School of Engineering, Lohegaon, Pune",85000,Un-Aided,390,90,85,90,85,80,85,Yes,120,Yes,Yes,4,4,3.9,,,
6632,"International Institute of Information Technology (IÂ²IT), Pune.",77000,Un-Aided,360,95,90,95,90,85,90,Yes,120,Yes,Yes,3.6,3.8,3.6,,,
6634,"JSPM Narhe Technical Campus, Pune.",50800,Un-Aided,360,85,80,85,80,75,80,Yes,120,Yes,Yes,3.7,4,4,,,
6635,"Fabtech Technical Campus College of Engineering and Research, Sangola",80000,Un-Aided,"location-F695+2P6, Miraj - Pandharpur Rd, Sangola, Maharashtra 413307 ",47,40,55,35,22,35,Yes,120,Yes,Yes,,3.35,4.3,,2,
6640,"Yashoda Technical Campus, Wadhe, Satara.",87500,Un-Aided,"S. No. 242/1, V. N. Road, Wadhe, NH-4, Satara, Maharashtra",55,30,61,52,25,38,Yes,120,Yes,Yes,,3.9,4.1,,1.5,
6643,"Sahyadri Valley College of Engineering & Technology, Rajuri, Pune.",46000,Un-Aided,"Kalyan-Nagar, A/P: Rajuri, Taluka:Junnar, Dist:Pune,, Rajuri, Maharashtra ",60,75,65,60,39,30,Yes,60,Yes,Yes,,3.7,3.7,,2,
6644,"Shree Ramchandra College of Engineering, Lonikand,Pune",60000,Un-Aided," Gate No 351/333-1 ,Pune -Nagar Road ,Bakori Phata Wagholi Pune-412216  ",47,50,76,73,59,74,Yes,60,Yes,Yes,,3.4,3.6,,2.25,
6649,"Nanasaheb Mahadik College of Engineering,Walwa, Sangli.",77000,Un-Aided,"362M+X72, surul, Peth, Maharashtra 415407",50,39,57,40,12,40,Yes,60,Yes,Yes,,3.2,3.5,,,
6732,Phaltan Education Society's College of Engineering Thakurki Tal- Phaltan Dist-Satara,85000,Un-Aided,"                                       Phaltan, Satara District, Maharashtra ",30.59,60,30.59,15.68,25.54,51.47,yes,60,yes,yes,,,,,,
6754,"Suman Ramesh Tulsiani Technical Campus Faculty of Engineering, Kamshet,Pune.",121000,Un-Aided,"Kamshet, Pune, Maharashtra",64.26,76,64.26,60.75,9.36,60.36,yes,60,yes,yes,3.5,3,3.5,,2.5,
6755,"P.K. Technical Campus, Pune.",66150,Un-Aided,"                                                          Pune, Maharashtra",77.41,64,77.41,74.46,58.11,80.07,yes,60,yes,yes,4,3.5,4,,3,
6756,"Rasiklal M. Dhariwal Sinhgad Technical Institutes Campus, Warje, Pune.",112480,Un-Aided,"                                                    Warje, Pune, Maharashtra",86.34,80,86.34,84.95,66.32,87.22,yes,120,yes,yes,3.5,3,3.5,,3.5,
6757,"SKN Sinhgad Institute of Technology & Science, Kusgaon(BK),Pune.",175000,Un-Aided,"                                  Kusgaon (BK), Lonavala, Pune, Maharashtra",82.2,66,82.2,80.23,58.71,85.41,yes,120,yes,yes,4,4,4.5,,4,
6758,"NBN Sinhgad Technical Institutes Campus, Pune",107120,Un-Aided,"Ambegaon Budruk, Pune, Maharashtra",91.02,89.17,92.23,90.69,62.35,90.42,YES,120,YES,YES,4.5,4,4.5,,4,
6759,"D.Y.Patil Education Society's,D.Y.Patil Technical Campus, Faculty of Engineering & Faculty of Management,Talsande,Kolhapur.",83530,Un-Aided,"Wathar Warna Nagar Road, Talsande, Maharashtra 416112",71.98,81.62,80.78,74,42.3,87.32,YES,180,YES,YES,,,,,,
6762,"Bhagwant Institute of Technology, Barshi",59000,Un-Aided," Latur-Kurduwadi Bypass, Barshi",92.04,46.45,82.67,81.15,44.25,86.28,YES,120,YES,YES,,,,,,
6766,"Sahakar Maharshee Shankarrao Mohite Patil Institute of Technology & Research, Akluj",117000,Un-Aided,"Yashwantnagar, Akluj, Maharashtra 413118",74.08,55.45,45,66.4,66.4,86.65,YES,45,YES,YES,,,,,,
6767,"Anantrao Pawar College of Engineering & Research, Pune",50800,Un-Aided,"Shahu College Rd, Parvati, Pune, Maharashtra 411009",90.65,68.35,69.789,84.4,72.87,88.88,YES,60,YES,YES,,,,,,
6768,"Shri.Someshwar Shikshan Prasarak Mandal, Sharadchandra Pawar College of Engineering & Technology, Someshwar Nagar",68000,Un-Aided,"A/P : Someshwarnagar (Waghalwadi), Tal: Baramati Dist: Pune Pin 412306",59.86,54.32,59.86,49.04,5.23,94.72,yes,120,YES,YES,,3.5,4,,3.25,
6769,"Bharati Vidyapeeth's College of Engineering,Lavale, Pune",70000,Un-Aided,"Bharati Vidyapeethâ€™s College of Engineering, Lavale, Near Pirangut, Pune, PIN - 412 115",94.19,93.03,90.4,93.21,85.25,94.72,yes,120,YES,YES,,4.25,4.25,,4,
6770,"Dnyanshree Institute Engineering and Technology, Satara",83000,Un-Aided,"A/P- Sonwadi-Gajawadi, Sajjangad Road, Satara-415013",62.8,35.12,59.86,58.74,39.9,74.86,yes,120,YES,YES,,3.5,3.5,,3.75,
6772,"Shivganga Charitable Trust, Sangli Vishveshwarya Technical Campus, Faculty of Diploma Engineering, Patgaon, Miraj",298000,Un-Aided,"Shivganga Charitable Trust,Sangliâ€™s, VISHVESHWARYA TECHNICAL CAMPUS,  Miraj-Pandharpur Road,Gate No.173, Patgaon,Tal â€“ Miraj, Dist. Sangli, Maharashtra Pin : 416420

",30.59,85.01,26.9,,,11.39,yes,60,YES,YES,,4,3.75,,3,
6781,"Sant Gajanan Maharaj College of Engineering, Gadhinglaj",115000,Un-Aided,"Gadhinglaj,Gadhinglaj Taluka:Gadhinglaj,Dist:Kolhapur (Maharashtra) - 416503",78.34,48.82,76.83,40.64,40.64,74.4,yes,60,YES,YES,,3.5,4,,3.6,
6780,"Dr. D.Y.Patil Institute of Engineering, Management & Reseach, Akurdi, Pune",135998,Un-Aided,"Nigdi Pradhikaran, Akurdi, Pune",95.88,95.28,95.88,95.78,90.63,95.6,yes,120,yes,yes,,4,4.2,,,
6782,"Keystone School of Engineering, Pune",107100,Un-Aided,"near handewadi chowk,uruli devrachi,pune",74.14,81,74.14,71.36,75.9,76.84,yes,180,yes,yes,,3.95,3.5,,0.018,
6794,Sanjay Ghodawat Institute,160000,private/unaided,"HATKANANGLE, KOLHAPUR, MAHARASHTRA",78.42,0.7,88.1,45,40,79.81,yes,60,yes,yes,,3.9,4.7,,,
6795,"Vidya Prasarini Sabha's College of Engineering & Technology, Lonavala",74000,Un-Aided,"Mouje Vaksai, Tahasil Maval, Ins Shivaji Lonavale, Pincode 410405",67.4,0.76,67.4,66.44,35.63,69.6,yes,30,yes,yes,,4,3.8,,0.04,
6796,"Pimpri Chinchwad Education Trust's Pimpri Chinchwad College Of Engineering And Research, Ravet",134366,Un-Aided,"Laxminagar, Ravet, Haveli, Pune - 412101.",96.46,0.9584,96.46,95.29,90.52,91.27,yes,360,yes,yes,,4.21,3.46,,0.0425,
6797,"Dr.D.Y.Patil College Of Engineering & Innovation,Talegaon",200000,Private,"  Dr. D Y Patil College of Engineering & Innovation, Varale, Talegaon, Pune 24027/A/1/2C, Varale, Talegaon Dabhade, Maharashtra 410507",90,0.85,90,85,80,0.87,yes,120,yes,yes,,4.25,4.25,,0.04,
6799,"Dr. D Y Patil Pratishthan's College of Engineering, Kolhapur",275000,autonomus,"      R. S. No. 865 A-Ward, Salokhe Nagar, Kolhapur, Maharashtra 416001
D. Y. Patil College Of Engineering, address",80,90,80,75,65,79.39,yes,60,yes,no,,4.25,4,,0.045,
6802,"Dr. A. D. Shinde College Of Engineering, Tal.Gadhinglaj, Kolhapur",181000,private,"Guddai, A, Bhadgaon - Shindewadi Rd, Gadhinglaj, Maharashtra 416502",85,90,85,80,76,80,yes,120,yes,yes,,4.25,4.25,,0.0435,
6803,Shree Siddheshwar Women's College Of Engineering Solapur.,258000,private,"Bhavani Peth, Solapur, Maharashtra 413002",95,97,95,85,80,85,yes,120,yes,yes,,4,4,,0.045,
6808,"Dr. D.Y. Patil Technical Campus, Varale, Talegaon, Pune",431000,private,"          Sr No. 32, Patil Technical Campus, Dr. D. Y, 1 A/7, Tal. Maval, Varale,",87,95,87,80,75,80,yes,120,yes,yes,,4.25,4.25,,0.0475,